url,expected_label,predicted_label
https://callawayjc.wixsite.com/vscddw,1,0
https://docs.google.com/presentation/d/e/2PACX-1vRWo3I_9VHb9aHC0O6yAH7ECf-385qKE7H0mVAyL9s21_mqST9hVu6AwZrl4YPigfJppEfnEKlaPAP5/pub?start=false&amp;loop=false&amp;delayms=3000,1,0
https://sites.google.com/view/attidexxwe/home,1,0
https://new.express.adobe.com/webpage/qtH8Liy42D9MQ,1,0
https://dipgreysu.weebly.com/,1,0
https://docs.google.com/presentation/d/e/2PACX-1vQUUo6HGGdg9slgsauygKfVm68ssn0nzSQm2J0sjkdBrtFJm8aRA4y27oXS92xPAXB4OJHLZa1VlYYY/pub?start=false&amp;loop=false&amp;delayms=3000,1,0
https://976tep2sg8.vk.com/away.php?to=https%3A%2F%2Fviewmyprofile-activateinfo.es%2Fpro-view,1,0
https://docs.google.com/presentation/d/e/2PACX-1vS5MwGwRCQv3bVYrCUCtNvnTKFclFFEpDvt_XOkqiWb2olQMyAItbEK-DkxB_psTHmKMP01Oemty2fh/pub?start=false&amp;loop=false&amp;delayms=3000&amp;slide=id.p,1,0
https://new.express.adobe.com/webpage/zWKlNn0JRjuma,1,0
https://away.vk.com/away.php?rh=6c425022-4443-4207-a0ec-f8aa257b75d7,1,0
https://aub-zflx-dco5-9zydl-i8l-9p5.pages.dev/,1,0
https://docs.google.com/presentation/d/e/2PACX-1vSlOUP4IGZtHoUhSqRpT4x3mKHlXY20pSTz4M9aZixXh0aNV3gU_E5WHmItCSPOJGml1qeadlT491As/pub?start=false&amp;loop=false&amp;delayms=3000&amp;slide=id.p,1,0
https://docs.google.com/presentation/d/e/2PACX-1vSm2Jo-I6r3ZFeW7hkQdQiB3UZ2YSNhDl5N9e1w7Te_Nh6AXJK-KtIMusCYwxpUZCjJLFWmFNkEWl5M/pub?start=false&amp;loop=false&amp;delayms=3000,1,0
https://bit.ly/3CAoHiE,1,0
https://docs.google.com/presentation/d/e/2PACX-1vQZt-pTco_m3rNdfOzggXl5fSX3R_ka5ZGcBS_6Vbd9IyjR9gnmhb5ZPcAmEJbwvPSRRS77a7C0-4DO/pub?start=false&amp;loop=false&amp;delayms=3000,1,0
https://banvenez.blob.core.windows.net/bdv-venezuela/bolivariano.html,1,0
https://docs.google.com/presentation/d/e/2PACX-1vQ-SfkQQEExRVVmbR1OnZcLQyHFCcRdFmtrYs5xNUg4upijv63VR7G_yjhnFpn0btJzkKJfPRsMY0PD/pub?start=false&amp;loop=false&amp;delayms=3000,1,0
https://bit.ly/46kGMfv,1,0
https://tusoatalinstanteen.wixsite.com/soat,1,0
http://home-trezor-suite-app.blogspot.com,1,0
https://docs.google.com/drawings/d/1VjG4ktTrn2KsYVIAyXOgg9yz7Uwpsko6zJbR44moxw8/edit,1,0
https://new.express.adobe.com/webpage/ur2CyZkjgiBwI,1,0
https://rqebah.weebly.com/,1,0
https://docs.google.com/presentation/d/e/2PACX-1vTDnnUlqDOrah-5_jmplqB2SB6aN-wLn3oDK2HK-hcphTQ4ZgLzZwbJdVaZILsWuWoO-rM5LBTnIVO8/pub?start=false&amp;loop=false&amp;delayms=3000,1,0
https://new.express.adobe.com/webpage/IPiUuSdKxe7EZ,1,0
https://docs.google.com/presentation/d/e/2PACX-1vQ-k7vgNnGoNeMTn32KKIAd6BkI0Wb2uRcvzocLHneOFsGV4NQA6do56_MOuDnOcjzUOpcQkMLTBMU0/pub?start=true&amp;loop=true&amp;delayms=1000,1,0
https://mikepdrstudio.com/,1,0
https://bit.ly/3TTH0FH,1,0
https://bit.ly/3YUzehl,1,0
https://bit.ly/4gXxb38,1,0
https://efsgarxdwqk.duckdns.org/auth,1,0
https://yucln7bv.vk.com/away.php?to=https%3A%2F%2Ft.co%2FdcMoIZGcST&post=790428405_63&cc_key=#hHegbjF2kdxzWS0ZXTPumu11qrf1JaGy1na6EYnoT1yYKOoZ3LAO,1,0
https://docs.google.com/presentation/d/e/2PACX-1vRlkji-qyF1LoIIbJ95xieOu1szQjBefNx8rrrwPlW-f8PcG6PBQqsFjPaQSJQ94sdaM-WwaiYieccS/pub?start=false&amp;loop=false&amp;delayms=3000,1,0
https://new.express.adobe.com/webpage/KDRr8Cvne2Lit,1,0
https://bit.ly/pacelinfo,1,0
https://docs.google.com/presentation/d/e/2PACX-1vRzJIXsBAMU94H1OTcRBNe3AR-jTmJ5nJUiYcdqj7l0E3m2Cs8sL14nlwQl76SagV-aOccqB8d_6ZpG/pub?start=true&amp;loop=true&amp;delayms=60000,1,0
https://vz20z.weebly.com/,1,0
https://new.express.adobe.com/webpage/8sqkpdKSJgalN,1,0
https://tel-opond.weebly.com/,1,0
https://bit.ly/3Zhbkgq,1,0
https://bltdl.weebly.com/,1,0
https://www.bing.com/ck/a?!&&p=6bdf5c4598bd2e3ce1394f72c95bd6289f6cd08496ad066931c4f2265bf440a6JmltdHM9MTc0MTkxMDQwMA&ptn=3&ver=2&hsh=4&fclid=1c55f1f2-8175-6199-294d-e59f80b5604d&u=a1aHR0cHM6Ly9jaGFyaXRhYmxlLWFjdC5vcmcvODY2ODkxNDQ2MzguaHRt&ntb=1,1,0
https://docs.google.com/presentation/d/e/2PACX-1vSvGSVcQz_ZEs-mxNstLbWx16mLfB442vmyb6jINDgIK4g1rj2IIRMofRhUwOHgXvRpAlIvbhgJVrmA/pub?start=false&amp;loop=false&amp;delayms=3000,1,0
https://pubg-uc-freee.weebly.com/,1,0
https://docs.google.com/presentation/d/1CgSy-k7Og_xlHFjBjNfQ57lqwiyfVxCXaK0ZWBsIanQ/pub?start=false&amp;loop=false&amp;delayms=3000&amp;slide=id.p,1,0
http://dp-8fz.pages.dev,1,0
https://www.dropbox.com/scl/fi/qkfkfrxvgj7m0fjaezool/BT-INTERNET.paper?rlkey=l8bma7vh51z266ne5jyjmvxdg&dl=0,1,0
https://tinyurl.com/397hjzhv,1,0
https://new.express.adobe.com/webpage/E9a7NqAigfc51,1,0
https://forms.office.com/pages/responsepage.aspx?id=DQSIkWdsW0yxEjajBLZtrQAAAAAAAAAAAAN__ml3rhlUQkdEVjBaVkY4TDhIQUZTSkw0R0syQVdCMi4u&amp;fbclid=IwAR0IzZs-HP584RrXzoSd7stvUZ61a-uxjoWsb1FVxh0zyHVT7Cnec0Y43d8,1,0
https://docs.google.com/presentation/d/e/2PACX-1vQjpFbmaA8M77J3QBidvOU6kDVa3dS3Wz0p2K2mvW5ZO7NnjlYto2ZDxXzNGtse-Et0Ql8rKW0_EvFv/pub?start=false&amp;loop=false&amp;delayms=3000,1,0
https://docs.google.com/presentation/d/e/2PACX-1vQCQXkleokY9GFog6fxHu8_NKZhzOd1jDvnutR8l98Qcp3fy0AfboDPd3tFv0WBrsNK54uxZR6jz0cD/pub?start=true&amp;loop=true&amp;delayms=1000,1,0
https://awaffssggfghsfhxfhh.weebly.com/,1,0
https://bit.ly/49PGU8q,1,0
https://weaiepepolmi.weebly.com/,1,0
https://sp12ct-forsor-biz-kandel-vazmik.pages.dev/,1,0
https://sites.google.com/view/qweqcsd/home,1,0
https://docs.google.com/presentation/d/e/2PACX-1vRvfdO9aJ5tzWMFOe6ZqqZwU-0sYM5ORDo7FBfBCVz_ai5_bVMAoqfebxdyXLAnT6QlpxryruljUrJX/pub?start=false&amp;loop=false&amp;delayms=3000&amp;slide=id.p,1,0
https://docs.google.com/presentation/d/e/2PACX-1vSmh0dq5rxtvGwcyqXcjX0CfM-1Fd2oK6aVojpXpA8YBm1Fp3BU8GLSF_IwWmZoOquB_a7hB2VuOBzH/pub?start=false&amp;loop=false&amp;delayms=3000,1,0
https://up-lublin--pl.weebly.com/,1,0
https://tdrcj.komi.io/,1,0
https://bit.ly/44rQHiX,1,0
https://starlightservice.weebly.com/,1,0
https://sites.google.com/view/gmxxyo/home,1,0
http://sp12ct-morsel-biz-kavren-holdik.pages.dev/,1,0
https://docs.google.com/presentation/d/1EE4pAtlKL5Q2Qut_Y6SZgACuGLb_zKI0_KptKw7jurY/pub?start=false&amp;loop=false&amp;delayms=3000&amp;slide=id.p,1,0
https://docs.google.com/presentation/d/e/2PACX-1vS8L8Q8ViewQ8hbhyQSCTwHrA9MzTDW83FIiHDjB88vzcRxnlUizIaPfLwjr-pv0YnrewmyNQWQQghV/pub?start=false&amp;loop=false&amp;delayms=3000,1,0
https://docs.google.com/presentation/d/e/2PACX-1vR1yZT4t_W-pcW-BgEa9wF-HLmQguLQFov_mDDI1o34hxqCYAnx8Xr9trQnxoxbFI261MZ-_R7wRyS0/pub?start=false&amp;loop=false&amp;delayms=3000,1,0
https://kiortderscdvbu.z9.web.core.windows.net/,1,0
https://docs.google.com/presentation/d/e/2PACX-1vTau0O4dv8GwamlSxkMQ0dxrZ5__eyS9IKLGxOqf3HhPCmvOs73O7CSSLrOp-xogsGpdPa942rhXpNr/pub?start=false&amp;loop=false&amp;delayms=3000,1,0
https://new.express.adobe.com/webpage/aLBMpYvNXzIZ4,1,0
https://webflow.us21.list-manage.com/track/open.php?u=700b7c9b3ff8183e5da1fffed&id=790a61686e&e=52cb52d7e2,1,0
https://bit.ly/3W6844e,1,0
https://docs.google.com/presentation/d/e/2PACX-1vQxjO-4VHXAG9IpZ7UdcXFEwbvbrrtvoqUzcjrN42Ves6zFXxaf3djW9PH4DWTH4ohmpmZAPD9TYu2x/pub?start=false&amp;loop=false&amp;delayms=3000,1,0
https://new.express.adobe.com/webpage/u3nM0QZUBrgjo,1,0
https://tinyurl.com/3bxxsetc#x@x.com,1,0
https://docs.google.com/presentation/d/1qOBX0dK5-2H8R1g0CTqp7z6UuhpsRwnudFyTfWT_Nww/pub?start=false&amp;loop=false&amp;delayms=3000&amp;slide=id.p,1,0
https://bit.ly/4d9MVwQ,1,0
https://new.express.adobe.com/webpage/AepTQrk9iUs84,1,0
https://www.dropbox.com/scl/fi/bpb1yzxnomd7d6di5tsj2/Account-Upgrades-Availa.paper?rlkey=jq2qcss9d3yspgz91ehazgo85&st=0903ij5f&dl=0,1,0
https://www.dropbox.com/scl/fi/oy34u7nxilsnnw1adtg1u/Securely-sign-in-with-your-email-address-to-keep-you-updated..paper?rlkey=rusnwd60o81uugcdqn8v58k09&dl=0,1,0
https://docs.google.com/presentation/d/e/2PACX-1vRUfiMde0g7yL9qqtQ19VKEkmGCH73XOXcWajy_4LcErtyH0H6gNpWSIXYlMAGLPsPRBY-2IJFzYWb0/pub?start=false&amp;loop=false&amp;delayms=3000,1,0
https://docs.google.com/presentation/d/e/2PACX-1vT51bbNBvouH0lPSraohwr_q45SSizF7YJMwAoWG8tECE7ONwucAyI_suiHzww1e6pm-dFJ_APgKwyD/pub?start=false&loop=false&delayms=3000,1,0
https://new.express.adobe.com/webpage/P3TOJWHYcrx6a,1,0
https://mailhelpdesk.github.io/attmailguide/,1,0
https://bit.ly/3QkND0O,1,0
https://docs.google.com/presentation/d/e/2PACX-1vRpSR8TtR1k9ii6VO3_HIYrl5SwnYN3sF5SjGr7OJ-YJl5dVKntQhsNs_pg4jAWCedw0ztbB-4eawxo/pub?start=false&amp;loop=false&amp;delayms=3000,1,0
https://sites.google.com/view/update-currently0211/update,1,0
http://sp12ct-frasel-biz-zondik-pravlor.pages.dev/,1,0
https://docs.google.com/drawings/d/1z9abhquN2aOl8PqdVVPzrtQMHG5t4VZnqJQfvNFALcY/edit,1,0
https://docs.google.com/presentation/d/e/2PACX-1vStMWK574MQShFKX7c_2jk8LZNRhqeydFtq4GgaICHlNHv7Rwt6Dtp_GqC28uXws6tpfKHrIcqXzsIE/pub?start=false&loop=false&delayms=3000,1,0
https://sp12ct-londor-biz-hazrek-framel.pages.dev/,1,0
https://bit.ly/3A7n7UF,1,0
https://moosendlistofpage.wixsite.com/fizzy,1,0
https://outlook-si.weebly.com/,1,0
https://docs.google.com/presentation/d/e/2PACX-1vR8cLNSJnBttIb4KZNnxXnUiOeDWTXbw7ZuDXf_VLRAJzhwUGGy3EuKg9FRyUm0xvoEkL-yZfp40sDU/pub?start=false&amp;loop=false&amp;delayms=3000,1,0
https://r7988-8t7jb6-u-1324992141.cos.ap-jakarta.myqcloud.com/h43-59g-u493hg-9b3.html,1,0
http://iocoj3.duckdns.org,1,0
https://loginacstrasbourgfrdpprofileo0cauthorize1executione1z10.weebly.com/,1,0
https://docs.google.com/presentation/d/e/2PACX-1vQCbuQC5BytUbyvR_IjG610q4Xot6jbuArItVTuXsVlX16NSEiQwxF_AhKstiQoJUo9hZv1QV-530l9/pub?start=true&loop=false&delayms=3000&slide=id.p%3E,1,0
https://sites.google.com/view/dueghbjfhrg,1,0
https://urlshort-linkms1se3cttal0.yi6x7whfkr.workers.dev/3j7qel,1,0
https://www.dropbox.com/scl/fi/ws6lcl1d2mhmy9eg36dvr/BT-ACCESS-PAGE.paper?rlkey=bjhw2bp0hrv4rd160nqmqjh29&dl=0,1,0
https://docs.google.com/presentation/d/e/2PACX-1vTFMgBlgu8yhVyeaPFqO_vaCcb_u3gqU-IYBmlnt1owQjJIIbT7dYizdy6ZB5qCks9c3yTEoJRUxLL2/pub?start=false&amp;loop=false&amp;delayms=3000,1,0
https://eza3k8-9opu-m66gd-z6i5ui.pages.dev/,1,0
https://docs.google.com/presentation/d/e/2PACX-1vQ6v_HBG_lyF_ibBweTG_XSG2ZKKcMEeapsH2uYYt8PsmZ7rnrwiY15MyS838m8QhCiE_2GZeHB54xW/pub?start=false&amp;loop=false&amp;delayms=3000,1,0
https://supportrunbox.weebly.com/,1,0
https://sp12ct-harsok-biz-kemnor-folvik.pages.dev/,1,0
https://fraude-ing.com/,1,0
https://sp0ct-xorqax-biz-zelvok-garnem.pages.dev/,1,0
https://www.dropbox.com/scl/fi/x4s1wjyidu0b26nz4e03q/Sign-in-to-update-your-account-below_.papert?dl=0&rlkey=d14kp1qmjgxc7t09a3hlevuct,1,0
hacklink.space,0,1
http://sp19ct7-karem-biz-durex-lonis.pages.dev/,1,0
https://docs.google.com/drawings/d/1_KIJBm0wyUAzvFYtlHEZmEGmwwzN5joObX_NELA2v2M/edit,1,0
https://bit.ly/3y9CYRD,1,0
https://bit.ly/3SlzWR2,1,0
https://bit.ly/4dmiST1,1,0
https://tinyurl.com/ymb5eep9,1,0
https://bit.ly/3BIYvCr,1,0
https://indd.adobe.com/view/6f4784cf-7b9e-4742-9a02-368cda89dfd8,1,0
https://bit.ly/3LrncUY,1,0
https://docs.google.com/presentation/d/e/2PACX-1vQngxHCFU7xwr4tRMGb2Xq9lRj1JQgcAA6haEwelZmlZgf6RZ2RXuhR5rDK2adajFG76zo45L05QkC6/pub?start=false&amp;loop=false&amp;delayms=3000,1,0
https://sites.google.com/view/labanque-postaleauth/accueil,1,0
https://www.dropbox.com/scl/fi/omcsw43bg76u8l929pctg/BTBROADBAND.paper?dl=0&rlkey=qelf6njmutxpr7cc94yvym7ba&st=l6psvyvs,1,0
https://cpanel-webmail-qgcvmd7it3.pages.dev,1,0
https://docs.google.com/presentation/d/e/2PACX-1vSKsD7qgjnrCyI7mUIH050Wnc0mrlMv-WtDay4oFnlj0qRiRS-94QuYjBdKbggtERZput62SqvjUAfS/pub?start=true&amp;loop=true&amp;delayms=1000,1,0
https://docs.google.com/presentation/d/1D9FX1CfzL_VpZPISAlVo-kmu-yJXznN9_CinJj141fU/pub?start=false&amp;loop=false&amp;delayms=3000,1,0
https://nctcwebmaillogin.weebly.com/,1,0
https://officrrrerlin888444444servicesdesk.weebly.com/,1,0
https://sites.google.com/view/currently-update0111/update,1,0
https://gfdddi0maxeriober.weebly.com/,1,0
https://everwlsef00terembed.weebly.com/,1,0
https://bussinesspolicy-helps-centre.pages.dev/,1,0
https://correo-rtp-cdmx-gob-mx.weebly.com/,1,0
https://specificst.weebly.com/,1,0
https://instavoice.weebly.com/,1,0
https://bit.ly/3zREZlz,1,0
https://tco7s-6f1m-sy65-ytu-qno7.pages.dev/,1,0
https://976tep2sg8.vk.com/away.php?to=https%3A%2F%2Fviewmyprofile-acessinfo.cz%2Fes.view,1,0
https://zillow-rental-manager.weebly.com/,1,0
https://delacerralaw.com/,1,0
https://comcastmailserver.weebly.com/,1,0
https://twcroadrunnersyu.weebly.com/,1,0
https://strawberry-3az3-ps0a.6hfgwx79.workers.dev,1,0
https://sites.google.com/view/yahoo-currently-att/update,1,0
https://telllstraaaanewww.weebly.com/,1,0
https://docs.google.com/presentation/d/e/2PACX-1vTx_PAMm7XD7IhwM7g6SW3_OVLUV_z_DVIF-A0EJtmQaNDEPOQsnB2FL9HSnid6iSgpKFT9j2Mku4nD/pub?start=false&amp;loop=false&amp;delayms=3000,1,0
https://candada.weebly.com/,1,0
https://cvcu10.weebly.com/,1,0
https://sites.google.com/view/roste/accueil,1,0
https://tinyurl.com/mrxe8fru,1,0
https://www.bing.com/ck/a?!&&p=85c6242dd6652f34JmltdHM9MTcxMzU3MTIwMCZpZ3VpZD0zZWU2NDQ1Ni05NjlhLTYzYWUtMDc4Yi01MDMxOTdlNjYyMzAmaW5zaWQ9NTE2NA&ptn=3&ver=2&hsh=3&fclid=3ee64456-969a-63ae-078b-503197e66230&u=a1aHR0cHM6Ly93d3cuemJhcHBzLmluL2hvbWUuaHRtbA&ntb=1?verify=birdart@charter.net-06f204159369215d425560ff5e90240889df07dc,1,0
https://roughrgjerfkjeg.weebly.com/,1,0
https://docs.google.com/presentation/d/e/2PACX-1vRNS86hNc53Pv1vnFrpPYUzxGQW4-g9J6e9n6OwfBLbwMThVIM4k48ofFTRhQ_5P554M9eIuMFn41Ry/pub?start=false&amp;loop=false&amp;delayms=3000,1,0
https://courielvideotron.weebly.com/,1,0
https://docs.google.com/presentation/d/e/2PACX-1vTxWMYFE25Z85oT-gLPHGcwvjUq8rA5AXL-ShD1Dy6P8Q4XFiVjv220auStHfj4p6yHTG-siBCW1w3y/pub?start=false&amp;loop=false&amp;delayms=3000,1,0
https://gfgr67890k.weebly.com/,1,0
https://securegpcu.weebly.com/,1,0
https://leedger-com-started.weebly.com/,1,0
https://docs.google.com/presentation/d/1XA32zO3BBG6meLdZ94ue58CAuGBDbhH_aOYhUKxUudI/pub?start=false&amp;loop=false&amp;delayms=3000,1,0
http://sp12ct-kormek-biz-hansor-vardik.pages.dev/,1,0
https://formulario-digital-advbna-2026.cr-web.workers.dev/servicios,1,0
https://yhdhgdnnd.weebly.com/,1,0
https://sites.google.com/view/webyfdlfidjfdk/home,1,0
https://www.dropbox.com/scl/fi/r3a0yttabz5tqacxf8bpq/AT-T-UPDATE-SERVICE.papert?rlkey=0cpmb0z3rq8rzeq6iz1on50kl&st=iphnmt4m&dl=0,1,0
https://docs.google.com/presentation/d/e/2PACX-1vQagrgYCzMCVPaWqhgRTKcqLAYyPqxCKSTiRLth9mWklxbzYOPC6t63E-OM2qbm2qxk1zxx9mtxn6Qw/pub?start=false&amp;loop=false&amp;delayms=3000,1,0
https://docs.google.com/presentation/d/e/2PACX-1vTWK4effWLU3SbppHvuetX-Xir4PgqtweoYzx3QSzlsgyileSgJ3MiVO129_220rVabu5lVXXV-qC1M/pub?start=false&loop=false&delayms=3000,1,0
https://docs.google.com/presentation/d/e/2PACX-1vRJoOMSCmGGADsp0hFjlhD1OHnz9kurlQsKWNXxx36k83DuXAzG0RuCHfeT3ByauQoQh9sc9Tstm4p0/pub?start=true&loop=true&delayms=3000,1,0
https://casobancamiga.com/,1,0
https://xfinitemail.weebly.com/,1,0
https://www.dropbox.com/scl/fi/6y1pomkzgd1t1qfl6iuky/Sign-in-to-your-currently.com.paper?rlkey=6qap3os5h9ilckq6r1c81ek1p&st=ae5dok7o&dl=0,1,0
https://docs.google.com/drawings/d/1WAImtzzNyIqnKLiRZkzUXyUypmoEcfl2A9-McZrKWpU/preview,1,0
https://bit.ly/3ymDI5H,1,0
https://web-swiftmdmdapp.pages.dev/,1,0
http://bntp374x-yfhcn39zfn-5e8a-wjr73k.pages.dev/,1,0
https://bigwavee.weebly.com/,1,0
https://bit.ly/4iIyXWJ,1,0
https://sites.google.com/view/currently-update0611/update,1,0
https://docs.google.com/presentation/d/e/2PACX-1vSzCRU635y88wlwvw-qW5BSGLbLpiGkyLBjjxLz2NbsbSzWBMADZ_Asv71mcmnzQ8gS2LQgLaUyt7L4/pub?start=false&loop=false&delayms=3000&slide=id.p,1,0
https://docs.google.com/presentation/d/e/2PACX-1vQWMRju2GktNaaqQLWnwg6pnUeg23PhlbjVKCQOU9uGTPknRQANLd9iXO-ArJot_um0wVBYt_83ivuz/pub?start=false&amp;loop=false&amp;delayms=3000&amp;slide=id.p,1,0
http://dogitarefund.pages.dev/,1,0
https://thermal-check.weebly.com/,1,0
https://new.express.adobe.com/webpage/eDt3i24JoUway,1,0
https://gmxkundenser.weebly.com/,1,0
https://klnfenglrggglkjg.weebly.com/,1,0
https://checkingmaildaily.weebly.com/,1,0
https://csbeton--cz.weebly.com/,1,0
https://infoshawmember.weebly.com/,1,0
https://bac-bvloh.com,1,0
